;niveau_intervention;representants_id
0;Mondial;0
1;Local;1
2;National;1
3;Européen;1
4;Mondial;1
5;Local;2
6;National;2
7;Européen;2
8;Local;3
9;National;3
10;National;4
11;Européen;4
12;Local;5
13;National;5
14;Européen;5
15;National;6
16;National;7
17;Local;8
18;National;8
19;Européen;8
20;Local;9
21;National;9
22;Local;10
23;National;10
24;Européen;10
25;Local;11
26;National;11
27;Européen;11
28;Local;12
29;National;12
30;Local;13
31;National;14
32;Local;15
33;National;15
34;Européen;15
35;Local;16
36;National;16
37;National;17
38;Local;18
39;National;18
40;Européen;18
41;Mondial;18
42;Local;19
43;National;19
44;National;20
45;National;21
46;Local;22
47;National;22
48;Européen;22
49;Local;23
50;National;23
51;Local;24
52;National;24
53;National;25
54;Local;26
55;National;26
56;Local;27
57;National;27
58;National;28
59;Européen;28
60;Local;29
61;National;29
62;Européen;29
63;Mondial;29
64;Local;30
65;National;30
66;Européen;30
67;National;31
68;Européen;31
69;Local;32
70;National;33
71;Européen;33
72;Mondial;33
73;National;34
74;Européen;34
75;National;35
76;National;36
77;Européen;36
78;Mondial;36
79;Local;37
80;National;37
81;National;38
82;Européen;38
83;Mondial;38
84;National;39
85;Européen;39
86;Local;40
87;National;40
88;Local;41
89;National;41
90;National;42
91;Européen;42
92;Local;43
93;National;43
94;Local;44
95;National;44
96;National;45
97;Européen;45
98;Local;46
99;National;47
100;Européen;47
101;National;48
102;Européen;48
103;National;49
104;Local;50
105;National;50
106;Européen;50
107;Mondial;50
108;Local;51
109;National;51
110;Européen;51
111;National;52
112;National;53
113;Européen;53
114;Mondial;53
115;Local;54
116;National;54
117;Européen;54
118;Mondial;54
119;National;55
120;Local;56
121;National;56
122;Européen;56
123;Mondial;56
124;Local;57
125;National;57
126;Local;58
127;National;58
128;Européen;58
129;Local;59
130;National;59
131;Mondial;60
132;Local;61
133;National;61
134;Européen;61
135;Local;62
136;National;62
137;Européen;62
138;Mondial;62
139;Local;63
140;National;63
141;Européen;63
142;Mondial;63
143;Local;64
144;National;64
145;Européen;64
146;Mondial;64
147;Local;65
148;National;65
149;Européen;65
150;Local;66
151;National;66
152;Européen;66
153;Mondial;66
154;Local;67
155;National;67
156;Européen;67
157;Local;68
158;National;68
159;Européen;68
160;Mondial;68
161;National;69
162;Européen;69
163;Local;70
164;National;70
165;Européen;70
166;Local;71
167;National;71
168;National;72
169;Européen;72
170;Mondial;72
171;Local;73
172;Local;74
173;National;74
174;Européen;74
175;Local;75
176;National;75
177;National;76
178;Européen;76
179;Local;77
180;National;77
181;Européen;77
182;National;78
183;Local;79
184;Local;80
185;National;80
186;Européen;80
187;Local;81
188;National;81
189;Européen;81
190;Mondial;81
191;National;82
192;Européen;82
193;Local;83
194;Local;84
195;National;84
196;Mondial;84
197;National;85
198;Européen;85
199;Local;86
200;Mondial;87
201;National;88
202;Local;89
203;National;89
204;Local;90
205;National;90
206;Européen;90
207;Local;91
208;National;91
209;Local;92
210;National;92
211;Local;93
212;National;93
213;Local;94
214;National;94
215;Local;95
216;National;95
217;Local;96
218;National;96
219;Européen;96
220;Local;97
221;National;97
222;Européen;97
223;Local;98
224;National;98
225;Européen;98
226;Mondial;98
227;Local;99
228;National;99
229;National;100
230;Mondial;100
231;Local;101
232;National;101
233;Européen;101
234;Local;102
235;National;102
236;Européen;102
237;Local;103
238;National;103
239;Européen;103
240;Local;104
241;National;104
242;Européen;104
243;Mondial;104
244;National;105
245;Européen;105
246;National;106
247;Européen;106
248;Mondial;106
249;Local;107
250;National;107
251;Local;108
252;National;108
253;Européen;108
254;Mondial;108
255;Local;109
256;National;109
257;Local;110
258;National;110
259;National;111
260;Local;112
261;National;112
262;Européen;112
263;Mondial;112
264;Local;113
265;Local;114
266;National;114
267;Européen;114
268;Local;115
269;National;115
270;Européen;115
271;Local;116
272;National;116
273;Européen;116
274;Mondial;116
275;Local;117
276;National;117
277;Local;118
278;National;118
279;Européen;118
280;Mondial;118
281;Local;119
282;National;119
283;National;120
284;Mondial;120
285;National;121
286;Européen;121
287;Local;122
288;Mondial;123
289;Local;124
290;National;124
291;Européen;124
292;Local;125
293;National;125
294;National;126
295;National;127
296;National;128
297;Européen;128
298;Local;129
299;National;129
300;National;130
301;Européen;130
302;Local;131
303;National;131
304;National;132
305;Européen;132
306;National;133
307;National;134
308;Européen;134
309;National;135
310;Européen;135
311;National;136
312;National;137
313;Local;138
314;National;138
315;Européen;138
316;Mondial;139
317;National;140
318;Local;141
319;Local;142
320;National;142
321;Européen;142
322;Local;143
323;National;143
324;Européen;143
325;Local;144
326;Local;145
327;National;145
328;Européen;145
329;Mondial;145
330;National;146
331;Européen;146
332;National;147
333;Européen;147
334;National;148
335;Local;149
336;National;149
337;Local;150
338;National;150
339;Local;151
340;National;151
341;Européen;151
342;Mondial;151
343;National;152
344;Européen;152
345;Mondial;153
346;Local;154
347;National;154
348;National;155
349;Européen;155
350;Local;156
351;National;156
352;Local;157
353;National;157
354;Européen;157
355;Local;158
356;National;158
357;Européen;158
358;Local;159
359;National;159
360;Européen;159
361;Mondial;159
362;Local;160
363;National;160
364;Européen;160
365;Mondial;160
366;Local;161
367;National;161
368;Local;162
369;National;163
370;Européen;163
371;National;164
372;Européen;164
373;Mondial;164
374;Local;165
375;National;165
376;Local;166
377;National;166
378;Local;167
379;National;167
380;Européen;167
381;Mondial;167
382;Local;168
383;National;168
384;Européen;168
385;Local;169
386;National;169
387;Local;170
388;National;170
389;Européen;170
390;Mondial;170
391;Local;171
392;National;171
393;Européen;171
394;Mondial;171
395;Local;172
396;National;172
397;Européen;172
398;Mondial;172
399;Local;173
400;National;173
401;Européen;173
402;Local;174
403;National;174
404;Européen;174
405;Mondial;174
406;Local;175
407;National;175
408;National;176
409;Européen;176
410;National;177
411;Local;178
412;National;178
413;Européen;178
414;National;179
415;Local;180
416;National;180
417;Européen;180
418;Mondial;180
419;Local;181
420;Mondial;181
421;Local;182
422;National;182
423;Européen;182
424;Mondial;182
425;Local;183
426;National;183
427;Local;184
428;National;184
429;Européen;184
430;National;185
431;Local;186
432;National;186
433;Européen;186
434;Local;187
435;National;187
436;Européen;187
437;Mondial;187
438;Local;188
439;National;188
440;Européen;188
441;National;189
442;Local;190
443;National;190
444;National;191
445;National;192
446;Européen;192
447;Local;193
448;National;193
449;Européen;193
450;Mondial;193
451;Local;194
452;National;194
453;Européen;194
454;Mondial;194
455;Local;195
456;National;195
457;Local;196
458;National;196
459;Européen;196
460;Mondial;196
461;National;197
462;Local;198
463;National;198
464;Local;199
465;National;199
466;Européen;199
467;Mondial;199
468;Local;200
469;National;200
470;Local;201
471;National;201
472;Européen;201
473;Mondial;201
474;Local;202
475;National;202
476;Européen;202
477;Européen;203
478;Mondial;203
479;Local;204
480;National;204
481;Local;205
482;National;205
483;Européen;205
484;National;206
485;Européen;206
486;Local;207
487;Local;208
488;Local;209
489;National;210
490;Européen;210
491;National;211
492;Local;212
493;National;213
494;Européen;213
495;Local;214
496;National;214
497;Européen;214
498;Mondial;214
499;Local;215
500;National;215
501;Européen;215
502;Mondial;215
503;Local;216
504;National;217
505;National;218
506;Local;219
507;National;219
508;Européen;219
509;Mondial;219
510;Local;220
511;National;220
512;Local;221
513;National;221
514;Européen;221
515;National;222
516;Local;223
517;National;223
518;Européen;223
519;Local;224
520;National;224
521;Local;225
522;Local;226
523;National;226
524;Européen;226
525;Mondial;226
526;Local;227
527;National;227
528;Européen;227
529;Mondial;227
530;National;228
531;Européen;228
532;Mondial;228
533;Local;229
534;National;229
535;Européen;229
536;Local;230
537;National;230
538;Européen;230
539;Mondial;230
540;Local;231
541;National;231
542;Européen;231
543;Mondial;231
544;Local;232
545;National;232
546;Européen;232
547;National;233
548;Européen;233
549;National;234
550;Local;235
551;Local;236
552;National;236
553;Européen;236
554;National;237
555;National;238
556;Local;239
557;Local;240
558;National;240
559;Local;241
560;National;241
561;Local;242
562;National;242
563;Européen;242
564;Local;243
565;National;243
566;Européen;243
567;Mondial;244
568;Local;245
569;Local;246
570;National;246
571;Européen;246
572;National;247
573;Européen;247
574;Mondial;247
575;National;248
576;Local;249
577;National;249
578;Européen;249
579;Local;250
580;National;250
581;Européen;250
582;Mondial;250
583;Local;251
584;National;251
585;Européen;251
586;Local;252
587;National;252
588;Européen;252
589;National;253
590;Européen;253
591;Mondial;253
592;Local;254
593;National;254
594;Local;255
595;National;255
596;Européen;255
597;Mondial;255
598;Local;256
599;Local;257
600;National;257
601;Local;258
602;National;258
603;Européen;258
604;Local;259
605;National;259
606;Local;260
607;National;260
608;Européen;260
609;Mondial;260
610;Local;261
611;National;261
612;Européen;261
613;National;262
614;Européen;262
615;Local;263
616;National;263
617;Local;264
618;National;264
619;National;265
620;National;266
621;Local;267
622;National;267
623;Européen;267
624;Mondial;267
625;Local;268
626;Local;269
627;Local;270
628;National;270
629;Local;271
630;National;271
631;Européen;271
632;National;272
633;Européen;272
634;Local;273
635;National;273
636;Européen;273
637;Local;274
638;National;274
639;Européen;274
640;Mondial;274
641;Local;275
642;National;275
643;Local;276
644;National;276
645;National;277
646;National;278
647;Européen;278
648;Mondial;278
649;Local;279
650;National;279
651;National;280
652;Européen;280
653;National;281
654;Local;282
655;National;282
656;Européen;282
657;Local;283
658;National;283
659;Européen;283
660;Mondial;283
661;National;284
662;Local;285
663;National;286
664;Européen;286
665;National;287
666;Local;288
667;National;288
668;Européen;288
669;Local;289
670;National;289
671;Local;290
672;National;290
673;Européen;290
674;Local;291
675;National;291
676;Européen;291
677;National;292
678;Local;293
679;National;293
680;Européen;293
681;Mondial;293
682;Local;294
683;National;294
684;Mondial;295
685;Local;296
686;National;296
687;Local;297
688;National;297
689;Local;298
690;National;298
691;National;299
692;Local;300
693;Local;301
694;National;301
695;Européen;301
696;Local;302
697;National;302
698;Européen;302
699;National;303
700;National;304
701;National;305
702;Européen;305
703;Mondial;305
704;Local;306
705;Local;307
706;National;307
707;Local;308
708;National;308
709;Local;309
710;National;310
711;Européen;310
712;Mondial;310
713;Local;311
714;National;311
715;Européen;311
716;National;312
717;National;313
718;Local;314
719;National;314
720;Européen;314
721;Local;315
722;National;315
723;Européen;315
724;Mondial;315
725;National;316
726;Européen;316
727;Local;317
728;National;317
729;Local;318
730;National;318
731;Européen;318
732;Local;319
733;National;319
734;Européen;319
735;Local;320
736;National;320
737;Européen;320
738;Mondial;320
739;National;321
740;Local;322
741;National;323
742;National;324
743;Européen;324
744;Mondial;324
745;Local;325
746;Local;326
747;National;326
748;Européen;326
749;National;327
750;Européen;327
751;Mondial;327
752;Local;328
753;National;328
754;National;329
755;Européen;329
756;Mondial;330
757;Local;331
758;National;331
759;Européen;331
760;Mondial;331
761;Local;332
762;National;332
763;Européen;332
764;Local;333
765;National;333
766;Européen;333
767;Mondial;334
768;Local;335
769;National;335
770;Européen;335
771;Mondial;335
772;Européen;336
773;Local;337
774;National;337
775;Européen;337
776;Mondial;337
777;Local;338
778;National;338
779;Européen;338
780;Mondial;338
781;National;339
782;Local;340
783;National;340
784;Européen;340
785;Mondial;340
786;National;341
787;Européen;341
788;Local;342
789;National;342
790;Européen;342
791;National;343
792;Européen;343
793;National;344
794;Local;345
795;National;345
796;Local;346
797;National;346
798;Européen;346
799;Local;347
800;National;347
801;National;348
802;Européen;348
803;Local;349
804;National;349
805;Européen;349
806;Mondial;349
807;National;350
808;National;351
809;Européen;351
810;Local;352
811;National;352
812;Local;353
813;National;353
814;Européen;353
815;Local;354
816;National;355
817;Local;356
818;National;356
819;Européen;356
820;Mondial;356
821;Local;357
822;Local;358
823;National;358
824;Européen;358
825;Mondial;358
826;Local;359
827;National;359
828;Européen;359
829;Local;360
830;National;360
831;Européen;360
832;Mondial;360
833;Local;361
834;National;361
835;Local;362
836;National;362
837;Européen;362
838;Mondial;362
839;Local;363
840;National;363
841;Local;364
842;National;364
843;Européen;364
844;Mondial;364
845;National;365
846;Local;366
847;National;366
848;Européen;366
849;Local;367
850;National;367
851;Européen;367
852;Local;368
853;National;368
854;Local;369
855;National;369
856;Local;370
857;National;370
858;Européen;370
859;Mondial;370
860;National;371
861;Européen;371
862;Local;372
863;National;372
864;Européen;372
865;National;373
866;National;374
867;Européen;374
868;Local;374
869;Local;375
870;National;375
871;Local;376
872;National;376
873;Local;377
874;Local;378
875;National;378
876;National;379
877;Local;380
878;National;380
879;Européen;380
880;Mondial;380
881;National;381
882;Européen;381
883;Local;382
884;National;382
885;Européen;382
886;National;383
887;National;384
888;Européen;384
889;Local;385
890;Local;386
891;National;386
892;Européen;386
893;National;387
894;Européen;387
895;Mondial;387
896;Local;388
897;Local;389
898;National;389
899;Local;390
900;National;390
901;Européen;390
902;Local;391
903;National;391
904;Européen;391
905;National;392
906;Européen;392
907;Local;393
908;National;393
909;Européen;393
910;National;394
911;Local;395
912;National;395
913;Européen;395
914;Mondial;395
915;Local;396
916;National;397
917;Européen;397
918;Mondial;397
919;Local;398
920;National;398
921;Européen;398
922;Local;399
923;National;399
924;Européen;399
925;Mondial;399
926;Local;400
927;Local;401
928;Local;402
929;Local;403
930;National;403
931;Européen;403
932;Mondial;403
933;Local;404
934;National;404
935;Européen;404
936;Mondial;404
937;National;405
938;Européen;405
939;National;406
940;Local;407
941;National;407
942;Européen;407
943;Local;408
944;Local;409
945;National;409
946;Européen;409
947;Mondial;409
948;National;410
949;Européen;410
950;National;411
951;National;412
952;National;413
953;Européen;413
954;Local;414
955;National;414
956;Européen;414
957;Local;415
958;National;415
959;Européen;415
960;National;416
961;Local;417
962;National;417
963;Local;418
964;National;418
965;Européen;418
966;Mondial;418
967;National;419
968;Européen;420
969;Mondial;420
970;National;421
971;Européen;421
972;Local;422
973;National;422
974;National;423
975;Local;424
976;National;424
977;Européen;424
978;Mondial;424
979;Local;425
980;National;425
981;Local;426
982;National;427
983;Local;428
984;National;428
985;Européen;428
986;Local;429
987;Local;430
988;National;430
989;Local;431
990;National;431
991;Local;432
992;National;432
993;Européen;432
994;Local;433
995;National;434
996;Local;435
997;National;435
998;Européen;435
999;Mondial;435
1000;National;436
1001;Local;437
1002;National;437
1003;Européen;437
1004;Mondial;437
1005;National;438
1006;Européen;438
1007;Local;439
1008;National;439
1009;Européen;439
1010;Mondial;439
1011;Local;440
1012;National;440
1013;Local;441
1014;National;441
1015;Européen;441
1016;Mondial;441
1017;Local;442
1018;National;442
1019;Européen;442
1020;National;443
1021;Local;444
1022;National;444
1023;Local;445
1024;National;445
1025;Local;446
1026;National;446
1027;Européen;446
1028;Local;447
1029;Local;448
1030;National;448
1031;Local;449
1032;National;449
1033;Européen;449
1034;National;450
1035;Local;451
1036;National;451
1037;Européen;451
1038;Local;452
1039;National;452
1040;Européen;452
1041;Local;453
1042;Local;454
1043;National;454
1044;Européen;454
1045;National;455
1046;Européen;455
1047;Local;456
1048;National;456
1049;Européen;456
1050;Mondial;456
1051;Local;457
1052;National;457
1053;Européen;457
1054;Mondial;457
1055;National;458
1056;Local;459
1057;National;459
1058;Européen;459
1059;Mondial;459
1060;National;460
1061;Européen;460
1062;Local;461
1063;Local;462
1064;National;462
1065;Européen;462
1066;National;463
1067;Européen;463
1068;National;464
1069;Européen;464
1070;Local;465
1071;National;465
1072;Européen;465
1073;Local;466
1074;National;466
1075;Européen;466
1076;Local;467
1077;National;467
1078;Européen;467
1079;Local;468
1080;Local;469
1081;National;469
1082;Européen;469
1083;Local;470
1084;National;470
1085;Européen;470
1086;National;471
1087;National;472
1088;National;473
1089;Européen;473
1090;Mondial;473
1091;National;474
1092;Local;475
1093;National;475
1094;National;476
1095;Local;477
1096;National;477
1097;Européen;477
1098;Local;478
1099;National;479
1100;Local;480
1101;National;480
1102;Européen;480
1103;Mondial;480
1104;Local;481
1105;National;481
1106;Européen;481
1107;Mondial;481
1108;Local;482
1109;National;482
1110;National;483
1111;Local;484
1112;National;484
1113;Local;485
1114;National;485
1115;Européen;485
1116;Mondial;485
1117;Local;486
1118;National;486
1119;Européen;486
1120;Local;487
1121;Local;488
1122;National;488
1123;Européen;488
1124;Mondial;488
1125;Local;489
1126;National;489
1127;Européen;489
1128;Local;490
1129;National;490
1130;Européen;490
1131;Local;491
1132;National;492
1133;Local;493
1134;National;493
1135;Européen;493
1136;Local;494
1137;National;494
1138;National;495
1139;Local;496
1140;National;496
1141;Européen;496
1142;Local;497
1143;National;497
1144;Européen;497
1145;Mondial;497
1146;National;498
1147;National;499
1148;National;500
1149;Local;501
1150;National;501
1151;Européen;501
1152;Local;502
1153;Local;503
1154;National;503
1155;Européen;503
1156;Local;504
1157;National;504
1158;Européen;504
1159;Local;505
1160;National;505
1161;Européen;505
1162;National;506
1163;Européen;506
1164;Mondial;506
1165;Local;507
1166;National;507
1167;Européen;507
1168;Local;508
1169;National;508
1170;National;509
1171;Européen;509
1172;Local;510
1173;Local;511
1174;National;511
1175;Européen;511
1176;Local;512
1177;National;512
1178;National;513
1179;National;514
1180;Local;515
1181;National;515
1182;Européen;515
1183;National;516
1184;Local;517
1185;National;517
1186;Local;518
1187;National;518
1188;Européen;518
1189;National;519
1190;Européen;519
1191;Local;520
1192;National;520
1193;Local;521
1194;National;522
1195;Européen;522
1196;Mondial;522
1197;National;523
1198;Européen;523
1199;Mondial;523
1200;Local;524
1201;National;524
1202;National;525
1203;Local;526
1204;Local;527
1205;National;527
1206;Européen;527
1207;National;528
1208;Européen;528
1209;Local;529
1210;National;529
1211;Local;530
1212;National;530
1213;Local;531
1214;National;532
1215;National;533
1216;Européen;533
1217;Mondial;533
1218;National;534
1219;National;535
1220;Européen;535
1221;Local;536
1222;National;536
1223;Européen;536
1224;Mondial;536
1225;Local;537
1226;National;537
1227;Local;538
1228;National;538
1229;Européen;538
1230;National;539
1231;Européen;539
1232;National;540
1233;Européen;540
1234;Local;541
1235;National;541
1236;Européen;541
1237;Mondial;541
1238;Local;542
1239;National;542
1240;Européen;542
1241;Mondial;542
1242;Local;543
1243;National;543
1244;Européen;543
1245;National;544
1246;Local;545
1247;National;545
1248;National;546
1249;National;547
1250;Local;548
1251;National;548
1252;Local;549
1253;National;549
1254;Européen;549
1255;Local;550
1256;National;550
1257;Européen;550
1258;Local;551
1259;National;551
1260;Européen;551
1261;Local;552
1262;National;552
1263;Européen;552
1264;National;553
1265;Européen;553
1266;Local;554
1267;National;554
1268;Européen;554
1269;Local;555
1270;National;555
1271;Européen;555
1272;National;556
1273;Européen;556
1274;Local;557
1275;National;557
1276;Européen;557
1277;Mondial;557
1278;Local;558
1279;National;558
1280;National;559
1281;National;560
1282;Local;561
1283;National;561
1284;Local;562
1285;National;562
1286;Européen;562
1287;Mondial;562
1288;Local;563
1289;National;563
1290;Local;564
1291;National;564
1292;Européen;564
1293;Mondial;564
1294;Local;565
1295;National;565
1296;Local;566
1297;National;566
1298;Européen;566
1299;Mondial;566
1300;Local;567
1301;National;567
1302;Européen;567
1303;Mondial;567
1304;National;568
1305;Européen;568
1306;Mondial;569
1307;Local;570
1308;National;570
1309;Européen;570
1310;Mondial;570
1311;Local;571
1312;National;571
1313;Européen;571
1314;Mondial;571
1315;Local;572
1316;National;572
1317;Local;573
1318;National;573
1319;Européen;574
1320;National;575
1321;Européen;575
1322;Mondial;575
1323;Local;576
1324;National;576
1325;Européen;576
1326;Mondial;576
1327;National;577
1328;Européen;577
1329;Local;578
1330;National;578
1331;Européen;578
1332;Mondial;578
1333;National;579
1334;Européen;579
1335;Mondial;579
1336;Local;580
1337;National;580
1338;Européen;580
1339;National;581
1340;Européen;581
1341;National;582
1342;Local;583
1343;National;584
1344;Européen;584
1345;Local;585
1346;Local;586
1347;National;586
1348;Européen;586
1349;Mondial;586
1350;Local;587
1351;National;587
1352;Européen;587
1353;Mondial;587
1354;National;588
1355;Local;589
1356;National;589
1357;Européen;589
1358;Local;590
1359;National;590
1360;Européen;590
1361;Local;591
1362;National;591
1363;Européen;591
1364;Local;592
1365;National;592
1366;Européen;592
1367;Mondial;592
1368;Local;593
1369;National;593
1370;Européen;593
1371;Mondial;593
1372;Local;594
1373;National;594
1374;Européen;594
1375;Local;595
1376;National;595
1377;Européen;595
1378;Mondial;595
1379;Mondial;596
1380;Local;597
1381;Local;598
1382;National;598
1383;Local;599
1384;National;599
1385;Européen;599
1386;Mondial;599
1387;Local;600
1388;National;600
1389;Européen;600
1390;National;601
1391;Local;602
1392;National;602
1393;Local;603
1394;National;603
1395;Européen;603
1396;National;604
1397;Mondial;604
1398;Local;605
1399;Local;606
1400;National;606
1401;Européen;606
1402;Local;607
1403;Local;608
1404;National;608
1405;Européen;608
1406;National;609
1407;Européen;609
1408;National;610
1409;Local;611
1410;National;611
1411;Local;612
1412;National;613
1413;Européen;613
1414;Local;614
1415;National;614
1416;Européen;614
1417;National;615
1418;Local;616
1419;National;616
1420;Européen;616
1421;Mondial;616
1422;National;617
1423;Local;618
1424;Local;619
1425;National;619
1426;Européen;619
1427;National;620
1428;National;621
1429;Local;622
1430;National;623
1431;National;624
1432;National;625
1433;Européen;625
1434;Mondial;625
1435;Local;626
1436;National;626
1437;Européen;626
1438;Local;627
1439;National;627
1440;Européen;627
1441;Mondial;627
1442;Local;628
1443;National;628
1444;Local;629
1445;National;629
1446;Européen;629
1447;Local;630
1448;National;630
1449;Européen;630
1450;Local;631
1451;National;631
1452;Local;632
1453;National;632
1454;Local;633
1455;National;633
1456;Européen;633
1457;Local;634
1458;National;634
1459;Européen;634
1460;Mondial;634
1461;Local;635
1462;National;635
1463;Européen;635
1464;Mondial;635
1465;Local;636
1466;National;636
1467;Local;637
1468;National;637
1469;Européen;637
1470;Local;638
1471;National;639
1472;Européen;639
1473;Mondial;639
1474;Local;640
1475;Local;641
1476;National;641
1477;Européen;641
1478;Local;642
1479;National;642
1480;Local;643
1481;National;643
1482;Local;644
1483;National;644
1484;Local;645
1485;National;645
1486;Européen;645
1487;Local;646
1488;National;646
1489;Européen;646
1490;Local;647
1491;National;648
1492;Européen;648
1493;National;649
1494;Européen;649
1495;Local;650
1496;National;650
1497;Européen;650
1498;National;651
1499;Local;652
1500;Local;653
1501;National;653
1502;Européen;653
1503;Local;654
1504;National;654
1505;National;655
1506;Européen;655
1507;Local;656
1508;National;657
1509;Local;658
1510;Local;659
1511;National;659
1512;Européen;659
1513;National;660
1514;Local;661
1515;National;661
1516;Européen;661
1517;National;662
1518;Mondial;662
1519;Local;663
1520;National;663
1521;Européen;663
1522;Mondial;663
1523;Local;664
1524;National;664
1525;Européen;664
1526;National;665
1527;Local;666
1528;National;666
1529;Local;667
1530;Local;668
1531;National;668
1532;Européen;668
1533;Local;669
1534;National;669
1535;Européen;669
1536;Mondial;669
1537;National;670
1538;Européen;670
1539;Local;671
1540;National;671
1541;Européen;671
1542;Européen;672
1543;National;673
1544;Européen;673
1545;National;674
1546;Local;675
1547;National;675
1548;Européen;675
1549;Mondial;675
1550;National;676
1551;Européen;676
1552;National;677
1553;Européen;677
1554;Local;678
1555;National;678
1556;Européen;678
1557;National;679
1558;Local;680
1559;National;681
1560;Européen;681
1561;Local;682
1562;National;682
1563;Européen;682
1564;Mondial;682
1565;Local;683
1566;National;683
1567;Local;684
1568;National;684
1569;Européen;684
1570;Mondial;684
1571;Local;685
1572;National;685
1573;Européen;685
1574;Mondial;685
1575;Local;686
1576;National;686
1577;Européen;686
1578;Local;687
1579;National;687
1580;National;688
1581;Européen;688
1582;National;689
1583;Européen;689
1584;Mondial;689
1585;Local;690
1586;Local;691
1587;National;691
1588;Local;692
1589;National;692
1590;Européen;692
1591;Mondial;692
1592;National;693
1593;Européen;693
1594;Local;694
1595;National;694
1596;Européen;694
1597;Local;695
1598;National;695
1599;Européen;695
1600;Mondial;695
1601;Local;696
1602;National;696
1603;Européen;696
1604;Mondial;696
1605;Local;697
1606;National;697
1607;Européen;697
1608;Local;698
1609;National;698
1610;Local;699
1611;National;699
1612;Européen;699
1613;Mondial;699
1614;Local;700
1615;National;700
1616;Local;701
1617;National;702
1618;Local;703
1619;Local;704
1620;National;704
1621;Local;705
1622;National;705
1623;Européen;705
1624;Local;706
1625;National;706
1626;Européen;706
1627;National;707
1628;Européen;707
1629;Mondial;707
1630;National;708
1631;Local;709
1632;National;709
1633;Européen;709
1634;Local;710
1635;National;710
1636;Européen;710
1637;Mondial;710
1638;Local;711
1639;National;711
1640;Européen;711
1641;Mondial;711
1642;Local;712
1643;Local;713
1644;National;713
1645;Local;714
1646;National;714
1647;Européen;714
1648;Local;715
1649;National;715
1650;Local;716
1651;National;716
1652;Européen;716
1653;Mondial;716
1654;National;717
1655;Européen;717
1656;Local;718
1657;National;718
1658;Européen;718
1659;Local;719
1660;National;719
1661;Européen;719
1662;Local;720
1663;National;720
1664;Européen;720
1665;Local;721
1666;National;721
1667;National;722
1668;Européen;722
1669;Mondial;722
1670;Local;723
1671;National;723
1672;Local;724
1673;National;724
1674;Local;725
1675;National;725
1676;Européen;725
1677;National;726
1678;National;727
1679;Européen;727
1680;Local;728
1681;Local;729
1682;Local;730
1683;National;730
1684;Local;731
1685;National;731
1686;Local;732
1687;National;732
1688;Européen;732
1689;Mondial;732
1690;Local;733
1691;Local;734
1692;National;734
1693;Européen;734
1694;Mondial;734
1695;Local;735
1696;National;735
1697;Européen;735
1698;Mondial;735
1699;National;736
1700;Local;737
1701;National;737
1702;Européen;737
1703;National;738
1704;National;739
1705;Européen;739
1706;National;740
1707;Européen;740
1708;National;741
1709;National;742
1710;National;743
1711;Local;744
1712;Local;745
1713;Local;746
1714;National;746
1715;Local;747
1716;National;747
1717;Local;748
1718;National;748
1719;Européen;748
1720;National;749
1721;Européen;749
1722;Local;750
1723;National;750
1724;Européen;750
1725;Mondial;750
1726;National;751
1727;Européen;751
1728;National;752
1729;Local;753
1730;National;753
1731;Européen;753
1732;Mondial;753
1733;Local;754
1734;National;754
1735;Européen;754
1736;Local;755
1737;National;755
1738;National;756
1739;Local;757
1740;National;757
1741;Européen;757
1742;Local;758
1743;Local;759
1744;National;760
1745;Local;761
1746;National;761
1747;Européen;761
1748;Local;762
1749;National;762
1750;Européen;762
1751;National;763
1752;National;764
1753;Local;765
1754;Local;766
1755;Local;767
1756;National;767
1757;Local;768
1758;Local;769
1759;National;769
1760;Local;770
1761;National;770
1762;Européen;770
1763;Local;771
1764;National;771
1765;Européen;771
1766;Mondial;771
1767;Local;772
1768;National;772
1769;Local;773
1770;Local;774
1771;National;774
1772;Européen;774
1773;Local;775
1774;Local;776
1775;Local;777
1776;National;777
1777;Européen;777
1778;Local;778
1779;National;778
1780;Européen;778
1781;Mondial;778
1782;Local;779
1783;National;780
1784;Européen;780
1785;Local;781
1786;Mondial;782
1787;Local;783
1788;National;783
1789;Européen;783
1790;Local;784
1791;National;784
1792;Européen;784
1793;National;785
1794;Européen;785
1795;Local;786
1796;National;786
1797;Européen;786
1798;Mondial;786
1799;Local;787
1800;National;787
1801;Local;788
1802;National;788
1803;Européen;788
1804;Mondial;788
1805;National;789
1806;Local;790
1807;National;790
1808;Européen;790
1809;Mondial;790
1810;Local;791
1811;National;791
1812;Local;792
1813;National;792
1814;Européen;792
1815;Mondial;792
1816;Local;793
1817;National;794
1818;Local;795
1819;National;795
1820;Européen;795
1821;Local;796
1822;National;796
1823;Européen;796
1824;Mondial;796
1825;Local;797
1826;National;797
1827;Européen;797
1828;National;798
1829;Européen;798
1830;National;799
1831;National;800
1832;Européen;800
1833;Mondial;800
1834;Local;801
1835;National;801
1836;Européen;801
1837;Mondial;801
1838;National;802
1839;Européen;802
1840;Local;803
1841;National;803
1842;Européen;803
1843;Mondial;803
1844;National;804
1845;Européen;804
1846;National;805
1847;Mondial;805
1848;Local;806
1849;National;806
1850;Européen;806
1851;Local;807
1852;National;808
1853;Européen;808
1854;Mondial;808
1855;Local;809
1856;National;809
1857;National;810
1858;Local;811
1859;National;811
1860;Européen;812
1861;National;813
1862;Européen;813
1863;Mondial;813
1864;Local;814
1865;National;814
1866;Européen;814
1867;Mondial;814
1868;Local;815
1869;National;815
1870;Européen;815
1871;Mondial;815
1872;National;816
1873;Local;817
1874;National;817
1875;Européen;817
1876;Mondial;817
1877;National;818
1878;Local;819
1879;National;819
1880;Européen;819
1881;Mondial;819
1882;Local;820
1883;National;820
1884;Mondial;820
1885;Local;821
1886;National;821
1887;Local;822
1888;Local;823
1889;National;824
1890;Européen;824
1891;Mondial;824
1892;Local;825
1893;National;825
1894;Européen;825
1895;Local;826
1896;National;826
1897;Européen;826
1898;Mondial;826
1899;National;827
1900;Local;828
1901;Local;829
1902;National;830
1903;Local;831
1904;National;832
1905;Européen;832
1906;Mondial;832
1907;National;833
1908;Européen;833
1909;Local;834
1910;National;834
1911;Local;835
1912;National;835
1913;Local;836
1914;National;836
1915;National;837
1916;Européen;837
1917;Local;838
1918;Local;839
1919;National;839
1920;Européen;839
1921;National;840
1922;Local;841
1923;National;841
1924;Européen;841
1925;Local;842
1926;National;842
1927;National;843
1928;Local;844
1929;National;844
1930;National;845
1931;Européen;845
1932;Local;846
1933;National;846
1934;Européen;846
1935;National;847
1936;Européen;847
1937;Mondial;847
1938;National;848
1939;Européen;848
1940;Mondial;848
1941;Local;849
1942;National;849
1943;Européen;849
1944;Local;850
1945;National;850
1946;Local;851
1947;National;852
1948;Local;853
1949;National;853
1950;Européen;853
1951;Mondial;854
1952;Local;855
1953;Local;856
1954;National;856
1955;Européen;856
1956;Mondial;856
1957;Local;857
1958;National;857
1959;Local;858
1960;National;858
1961;Local;859
1962;National;859
1963;Mondial;860
1964;Local;861
1965;National;862
1966;National;863
1967;Local;864
1968;National;864
1969;National;865
1970;Européen;865
1971;National;866
1972;Européen;866
1973;Local;867
1974;National;867
1975;Européen;867
1976;Local;868
1977;Local;869
1978;National;869
1979;National;870
1980;Local;871
1981;National;871
1982;Européen;871
1983;Local;872
1984;National;873
1985;National;874
1986;Local;875
1987;Local;876
1988;National;876
1989;Européen;876
1990;Mondial;876
1991;Local;877
1992;National;877
1993;Européen;877
1994;Local;878
1995;Local;879
1996;National;879
1997;Européen;879
1998;Local;880
1999;National;880
2000;National;881
2001;Local;882
2002;National;882
2003;Européen;882
2004;Mondial;882
2005;Local;883
2006;National;883
2007;Européen;883
2008;Mondial;883
2009;Local;884
2010;National;884
2011;Européen;884
2012;Local;885
2013;National;885
2014;National;886
2015;National;887
2016;National;888
2017;Local;889
2018;National;890
2019;National;891
2020;Local;892
2021;National;892
2022;National;893
2023;National;894
2024;Européen;894
2025;National;895
2026;Local;896
2027;National;896
2028;Européen;896
2029;Mondial;896
2030;Local;897
2031;National;897
2032;Européen;897
2033;Mondial;897
2034;National;898
2035;Européen;898
2036;National;899
2037;Local;900
2038;National;900
2039;Local;901
2040;National;901
2041;Local;902
2042;National;902
2043;Local;903
2044;National;903
2045;Local;904
2046;National;904
2047;National;905
2048;Local;906
2049;National;907
2050;Européen;907
2051;Local;908
2052;National;908
2053;Européen;908
2054;Mondial;908
2055;Mondial;909
2056;National;910
2057;Européen;910
2058;Mondial;910
2059;Local;911
2060;National;911
2061;Local;912
2062;National;912
2063;Européen;912
2064;Local;913
2065;Local;914
2066;Local;915
2067;National;915
2068;National;916
2069;Européen;916
2070;Mondial;916
2071;Local;917
2072;National;917
2073;Européen;917
2074;Mondial;917
2075;National;918
2076;Européen;918
2077;Local;919
2078;National;919
2079;National;920
2080;Européen;920
2081;Local;921
2082;National;921
2083;Européen;921
2084;Local;922
2085;Local;923
2086;National;923
2087;Européen;923
2088;Mondial;923
2089;Local;924
2090;National;924
2091;Européen;924
2092;Mondial;924
2093;Local;925
2094;National;925
2095;Européen;925
2096;Local;926
2097;National;927
2098;Européen;927
2099;National;928
2100;Européen;928
2101;Local;929
2102;National;929
2103;Européen;929
2104;Mondial;929
2105;National;930
2106;Européen;930
2107;Mondial;930
2108;Local;931
2109;National;931
2110;Européen;931
2111;Mondial;931
2112;National;932
2113;Local;933
2114;National;933
2115;Local;934
2116;National;934
2117;Européen;934
2118;Mondial;934
2119;Local;935
2120;National;935
2121;Local;936
2122;National;936
2123;Européen;936
2124;National;937
2125;Local;938
2126;National;938
2127;Européen;938
2128;Mondial;938
2129;Local;939
2130;National;939
2131;Local;940
2132;National;940
2133;Européen;940
2134;Mondial;940
2135;Local;941
2136;National;941
2137;Européen;941
2138;National;942
2139;Européen;942
2140;Local;943
2141;National;943
2142;Européen;943
2143;National;944
2144;National;945
2145;Européen;945
2146;National;946
2147;National;947
2148;Européen;947
2149;National;948
2150;Européen;948
2151;National;949
2152;National;950
2153;National;951
2154;Local;952
2155;National;952
2156;Européen;952
2157;Local;953
2158;National;953
2159;Européen;953
2160;Mondial;953
2161;Local;954
2162;National;954
2163;National;955
2164;National;956
2165;Européen;956
2166;Local;957
2167;National;957
2168;Européen;957
2169;Local;958
2170;Local;959
2171;National;959
2172;Européen;959
2173;Mondial;959
2174;Local;960
2175;Local;961
2176;National;961
2177;Local;962
2178;National;962
2179;Européen;962
2180;Local;963
2181;National;963
2182;Européen;963
2183;Mondial;963
2184;Local;964
2185;National;964
2186;Européen;964
2187;Local;965
2188;Local;966
2189;Local;967
2190;Local;968
2191;National;968
2192;Européen;968
2193;Mondial;968
2194;Local;969
2195;National;969
2196;Local;970
2197;National;970
2198;Européen;970
2199;Mondial;970
2200;Local;971
2201;National;971
2202;Européen;971
2203;Local;972
2204;National;972
2205;Local;973
2206;Local;974
2207;National;974
2208;Européen;974
2209;Mondial;974
2210;Local;975
2211;National;975
2212;Européen;975
2213;Local;976
2214;National;976
2215;Européen;976
2216;Local;977
2217;National;977
2218;Européen;977
2219;Mondial;977
2220;Local;978
2221;National;978
2222;Européen;978
2223;National;979
2224;Européen;979
2225;Local;980
2226;Local;981
2227;National;981
2228;Européen;981
2229;Mondial;981
2230;Local;982
2231;National;982
2232;Local;983
2233;National;983
2234;Local;984
2235;Local;985
2236;National;985
2237;Européen;985
2238;Local;986
2239;Local;987
2240;National;987
2241;Européen;987
2242;Local;988
2243;National;988
2244;Européen;988
2245;Mondial;988
2246;National;989
2247;National;990
2248;Local;991
2249;National;991
2250;Européen;991
2251;National;992
2252;Européen;992
2253;Mondial;992
2254;Local;993
2255;National;994
2256;National;995
2257;Européen;995
2258;Mondial;995
2259;Local;996
2260;National;996
2261;Local;997
2262;National;998
2263;National;999
2264;Européen;999
2265;Local;1000
2266;National;1000
2267;Européen;1000
2268;Local;1001
2269;Local;1002
2270;National;1002
2271;Européen;1002
2272;Local;1003
2273;National;1003
2274;Européen;1003
2275;Mondial;1003
2276;Local;1004
2277;Local;1005
2278;National;1006
2279;Mondial;1007
2280;National;1008
2281;Européen;1008
2282;Local;1009
2283;National;1009
2284;National;1010
2285;Local;1011
2286;National;1011
2287;Européen;1011
2288;Local;1012
2289;Local;1013
2290;National;1013
2291;Européen;1013
2292;Local;1014
2293;National;1015
2294;Européen;1015
2295;Mondial;1015
2296;National;1016
2297;Local;1017
2298;National;1017
2299;Local;1018
2300;National;1018
2301;Européen;1018
2302;Local;1019
2303;National;1019
2304;National;1020
2305;Européen;1020
2306;Local;1021
2307;National;1021
2308;Européen;1021
2309;Mondial;1021
2310;Local;1022
2311;Local;1023
2312;National;1023
2313;Local;1024
2314;National;1024
2315;Local;1025
2316;Européen;1026
2317;Local;1027
2318;National;1027
2319;Européen;1027
2320;Mondial;1027
2321;Local;1028
2322;National;1028
2323;Local;1029
2324;National;1029
2325;Européen;1029
2326;National;1030
2327;Européen;1030
2328;Mondial;1030
2329;Local;1031
2330;National;1031
2331;Local;1032
2332;National;1032
2333;Local;1033
2334;National;1033
2335;Local;1034
2336;Local;1035
2337;National;1035
2338;Local;1036
2339;National;1036
2340;Européen;1036
2341;Mondial;1036
2342;Local;1037
2343;National;1037
2344;Européen;1037
2345;Local;1038
2346;National;1038
2347;Local;1039
2348;National;1039
2349;Européen;1039
2350;Mondial;1039
2351;National;1040
2352;Européen;1040
2353;Local;1041
2354;National;1041
2355;Local;1042
2356;National;1042
2357;Européen;1042
2358;National;1043
2359;Européen;1043
2360;Mondial;1043
2361;Local;1044
2362;National;1044
2363;Européen;1044
2364;Local;1045
2365;National;1045
2366;Local;1046
2367;National;1046
2368;Européen;1046
2369;National;1047
2370;Européen;1047
2371;Local;1048
2372;National;1049
2373;Local;1050
2374;Local;1051
2375;National;1051
2376;Européen;1051
2377;Local;1052
2378;National;1052
2379;Européen;1052
2380;Mondial;1052
2381;National;1053
2382;Local;1054
2383;National;1054
2384;Local;1055
2385;National;1055
2386;Européen;1055
2387;Mondial;1055
2388;Local;1056
2389;National;1056
2390;Européen;1056
2391;Local;1057
2392;National;1057
2393;Local;1058
2394;National;1058
2395;Européen;1058
2396;Mondial;1058
2397;Local;1059
2398;National;1059
2399;Local;1060
2400;Local;1061
2401;National;1061
2402;Européen;1061
2403;Mondial;1061
2404;Local;1062
2405;Local;1063
2406;National;1063
2407;Européen;1063
2408;Mondial;1063
2409;National;1064
2410;Local;1065
2411;National;1065
2412;Européen;1065
2413;Local;1066
2414;National;1066
2415;Européen;1066
2416;National;1067
2417;Européen;1067
2418;Mondial;1067
2419;Local;1068
2420;National;1068
2421;Européen;1068
2422;Mondial;1068
2423;Local;1069
2424;National;1069
2425;National;1070
2426;Européen;1070
2427;Local;1071
2428;National;1071
2429;Européen;1071
2430;Local;1072
2431;National;1072
2432;Européen;1072
2433;Local;1073
2434;National;1074
2435;Européen;1074
2436;National;1075
2437;Européen;1075
2438;Local;1076
2439;National;1076
2440;National;1077
2441;Européen;1077
2442;Local;1078
2443;National;1078
2444;Européen;1078
2445;Local;1079
2446;National;1079
2447;Européen;1079
2448;Mondial;1079
2449;Local;1080
2450;National;1080
2451;Européen;1080
2452;Mondial;1080
2453;National;1081
2454;Européen;1081
2455;Local;1082
2456;National;1082
2457;Européen;1082
2458;Mondial;1082
2459;Local;1083
2460;National;1083
2461;National;1084
2462;National;1085
2463;Local;1086
2464;National;1086
2465;Local;1087
2466;National;1087
2467;Européen;1087
2468;Mondial;1087
2469;National;1088
2470;National;1089
2471;Local;1090
2472;National;1090
2473;Local;1091
2474;National;1091
2475;Européen;1091
2476;National;1092
2477;National;1093
2478;Local;1094
2479;National;1094
2480;Local;1095
2481;National;1095
2482;Local;1096
2483;National;1096
2484;Local;1097
2485;National;1097
2486;Européen;1097
2487;Mondial;1097
2488;Local;1098
2489;National;1098
2490;Européen;1098
2491;Mondial;1098
2492;Local;1099
2493;National;1099
2494;Européen;1099
2495;Local;1100
2496;National;1100
2497;National;1101
2498;Européen;1101
2499;Mondial;1101
2500;Local;1102
2501;National;1102
2502;Local;1103
2503;National;1103
2504;Européen;1103
2505;Mondial;1103
2506;Local;1104
2507;Local;1105
2508;National;1105
2509;Européen;1105
2510;Mondial;1105
2511;Local;1106
2512;National;1106
2513;Local;1107
2514;National;1107
2515;National;1108
2516;Local;1108
2517;National;1109
2518;Local;1110
2519;Local;1111
2520;Local;1112
2521;National;1112
2522;Européen;1112
2523;Local;1113
2524;National;1113
2525;Local;1114
2526;Local;1115
2527;National;1115
2528;Européen;1115
2529;Local;1116
2530;Local;1117
2531;National;1117
2532;Européen;1117
2533;Mondial;1117
2534;Local;1118
2535;National;1118
2536;Européen;1118
2537;Mondial;1118
2538;Local;1119
2539;National;1119
2540;Européen;1119
2541;Mondial;1119
2542;Local;1120
2543;National;1120
2544;Européen;1120
2545;National;1121
2546;Mondial;1121
2547;Local;1122
2548;National;1122
2549;Européen;1122
2550;National;1123
2551;Européen;1123
2552;Local;1124
2553;National;1124
2554;Européen;1124
2555;Mondial;1124
2556;Local;1125
2557;National;1125
2558;Européen;1125
2559;Mondial;1125
2560;National;1126
2561;Européen;1126
2562;Mondial;1126
2563;Local;1127
2564;National;1127
2565;Local;1128
2566;Européen;1128
2567;Local;1129
2568;National;1130
2569;Européen;1130
2570;Local;1131
2571;National;1131
2572;Local;1132
2573;National;1133
2574;Local;1134
2575;National;1134
2576;Européen;1134
2577;Local;1135
2578;National;1135
2579;Européen;1135
2580;Mondial;1135
2581;Local;1136
2582;Local;1137
2583;Local;1138
2584;National;1138
2585;Local;1139
2586;National;1139
2587;Local;1140
2588;National;1140
2589;Européen;1140
2590;Mondial;1140
2591;Local;1141
2592;National;1141
2593;Européen;1141
2594;Mondial;1141
2595;National;1142
2596;Local;1143
2597;Européen;1143
2598;Local;1144
2599;National;1144
2600;Européen;1144
2601;Local;1145
2602;Local;1146
2603;Local;1147
2604;National;1147
2605;Européen;1147
2606;Local;1148
2607;National;1148
2608;Européen;1148
2609;Mondial;1148
2610;Local;1149
2611;National;1149
2612;National;1150
2613;Européen;1150
2614;National;1151
2615;Européen;1151
2616;Mondial;1151
2617;National;1152
2618;Européen;1152
2619;Local;1153
2620;National;1153
2621;Local;1154
2622;National;1154
2623;Européen;1154
2624;Local;1155
2625;National;1155
2626;Européen;1155
2627;Mondial;1155
2628;National;1156
2629;Européen;1156
2630;Local;1157
2631;National;1157
2632;Local;1158
2633;National;1158
2634;Local;1159
2635;National;1159
2636;National;1160
2637;Européen;1160
2638;Local;1161
2639;National;1161
2640;National;1162
2641;Européen;1162
2642;National;1163
2643;Européen;1163
2644;Local;1164
2645;National;1164
2646;Européen;1164
2647;Local;1165
2648;Local;1166
2649;National;1166
2650;National;1167
2651;Européen;1167
2652;Mondial;1167
2653;National;1168
2654;National;1169
2655;Européen;1169
2656;Mondial;1169
2657;Local;1170
2658;National;1170
2659;Européen;1170
2660;Local;1171
2661;Local;1172
2662;National;1172
2663;Européen;1172
2664;Mondial;1172
2665;Local;1173
2666;Mondial;1174
2667;Local;1175
2668;National;1175
2669;Européen;1175
2670;Mondial;1175
2671;Local;1176
2672;National;1176
2673;National;1177
2674;Européen;1177
2675;Local;1178
2676;National;1178
2677;Européen;1178
2678;Mondial;1178
2679;Local;1179
2680;National;1179
2681;Européen;1179
2682;National;1180
2683;Européen;1180
2684;Local;1181
2685;National;1181
2686;Local;1182
2687;National;1182
2688;Européen;1182
2689;Local;1183
2690;National;1183
2691;Européen;1183
2692;Mondial;1183
2693;Local;1184
2694;National;1184
2695;Européen;1184
2696;Local;1185
2697;National;1185
2698;Local;1186
2699;National;1186
2700;Européen;1186
2701;Mondial;1186
2702;Local;1187
2703;Local;1188
2704;Local;1189
2705;National;1189
2706;Européen;1189
2707;National;1190
2708;Européen;1190
2709;National;1191
2710;Local;1192
2711;National;1192
2712;Européen;1192
2713;Local;1193
2714;National;1193
2715;Local;1194
2716;National;1194
2717;Européen;1194
2718;Local;1195
2719;National;1195
2720;Local;1196
2721;Local;1197
2722;Local;1198
2723;National;1198
2724;Local;1199
2725;National;1199
2726;National;1200
2727;Européen;1200
2728;Local;1201
2729;National;1201
2730;Européen;1201
2731;Local;1202
2732;Local;1203
2733;National;1203
2734;National;1204
2735;National;1205
2736;Européen;1205
2737;Mondial;1205
2738;Local;1206
2739;National;1206
2740;Local;1207
2741;National;1207
2742;Européen;1207
2743;Local;1208
2744;National;1208
2745;Local;1209
2746;National;1209
2747;Européen;1209
2748;Local;1210
2749;Local;1211
2750;National;1211
2751;Européen;1211
2752;Local;1212
2753;National;1212
2754;Européen;1212
2755;Local;1213
2756;National;1213
2757;Européen;1213
2758;National;1214
2759;Européen;1214
2760;Local;1215
2761;National;1215
2762;Européen;1215
2763;Mondial;1215
2764;Local;1216
2765;National;1216
2766;Européen;1216
2767;Mondial;1216
2768;Local;1217
2769;Local;1218
2770;National;1218
2771;National;1219
2772;Européen;1219
2773;Mondial;1220
2774;National;1221
2775;National;1222
2776;National;1223
2777;Européen;1223
2778;Local;1224
2779;National;1224
2780;Européen;1224
2781;National;1225
2782;Local;1226
2783;National;1226
2784;Local;1227
2785;Local;1228
2786;National;1228
2787;Européen;1228
2788;Local;1229
2789;National;1229
2790;Local;1230
2791;Local;1231
2792;National;1231
2793;Local;1232
2794;National;1232
2795;Européen;1232
2796;Local;1233
2797;National;1233
2798;Européen;1233
2799;Local;1234
2800;Local;1235
2801;National;1235
2802;Local;1236
2803;National;1237
2804;Européen;1237
2805;Local;1238
2806;National;1238
2807;Européen;1238
2808;Local;1239
2809;National;1239
2810;National;1240
2811;Européen;1240
2812;Local;1241
2813;National;1241
2814;Européen;1241
2815;Mondial;1241
2816;Local;1242
2817;National;1242
2818;Local;1243
2819;National;1243
2820;Européen;1243
2821;Mondial;1243
2822;Local;1244
2823;National;1244
2824;Européen;1244
2825;Local;1245
2826;Local;1246
2827;National;1247
2828;National;1248
2829;Européen;1248
2830;Local;1249
2831;National;1249
2832;Européen;1249
2833;Local;1250
2834;National;1250
2835;Local;1251
2836;National;1251
2837;National;1252
2838;Européen;1252
2839;National;1253
2840;Européen;1253
2841;Local;1254
2842;National;1254
2843;Local;1255
2844;Local;1256
2845;National;1257
2846;Européen;1257
2847;Local;1258
2848;National;1258
2849;National;1259
2850;Local;1260
2851;National;1260
2852;Européen;1260
2853;National;1261
2854;Européen;1261
2855;Mondial;1261
2856;Local;1262
2857;National;1262
2858;Européen;1262
2859;Mondial;1262
2860;Local;1263
2861;National;1263
2862;Européen;1263
2863;Local;1264
2864;National;1264
2865;Européen;1264
2866;Mondial;1264
2867;Local;1265
2868;National;1266
2869;Local;1267
2870;National;1267
2871;Local;1268
2872;National;1268
2873;Européen;1268
2874;Mondial;1268
2875;National;1269
2876;Local;1270
2877;National;1270
2878;Local;1271
2879;National;1271
2880;Européen;1271
2881;National;1272
2882;Européen;1272
2883;Local;1273
2884;National;1273
2885;Local;1274
2886;Local;1275
2887;National;1275
2888;Local;1276
2889;National;1276
2890;Européen;1276
2891;Mondial;1276
2892;National;1277
2893;Européen;1277
2894;Local;1278
2895;National;1278
2896;National;1279
2897;Européen;1279
2898;National;1280
2899;National;1281
2900;Local;1282
2901;National;1282
2902;Local;1283
2903;National;1283
2904;Européen;1283
2905;Local;1284
2906;National;1284
2907;Local;1285
2908;National;1285
2909;Européen;1285
2910;Mondial;1285
2911;Local;1286
2912;Local;1287
2913;National;1287
2914;National;1288
2915;National;1289
2916;National;1290
2917;National;1291
2918;Local;1292
2919;National;1292
2920;Européen;1292
2921;National;1293
2922;Local;1294
2923;National;1294
2924;Européen;1294
2925;Local;1295
2926;National;1295
2927;Européen;1295
2928;Mondial;1295
2929;Mondial;1296
2930;Local;1297
2931;National;1297
2932;Européen;1297
2933;Mondial;1297
2934;Local;1298
2935;National;1299
2936;Local;1300
2937;National;1300
2938;Européen;1300
2939;Local;1301
2940;National;1301
2941;Européen;1301
2942;Local;1302
2943;National;1302
2944;Européen;1302
2945;National;1303
2946;Européen;1303
2947;Local;1304
2948;National;1304
2949;Local;1305
2950;National;1305
2951;Local;1306
2952;National;1306
2953;Local;1307
2954;National;1307
2955;Européen;1307
2956;National;1308
2957;National;1309
2958;National;1310
2959;Européen;1310
2960;National;1311
2961;Local;1312
2962;National;1312
2963;National;1313
2964;Européen;1313
2965;Local;1314
2966;National;1315
2967;Européen;1315
2968;Mondial;1315
2969;National;1316
2970;Européen;1316
2971;Mondial;1316
2972;National;1317
2973;Local;1318
2974;National;1318
2975;Européen;1318
2976;Local;1319
2977;National;1319
2978;Européen;1319
2979;Mondial;1319
2980;National;1320
2981;Européen;1320
2982;National;1321
2983;Local;1322
2984;Local;1323
2985;National;1323
2986;Européen;1323
2987;Local;1324
2988;National;1324
2989;Local;1325
2990;National;1325
2991;Local;1326
2992;Local;1327
2993;National;1327
2994;Européen;1327
2995;Local;1328
2996;National;1328
2997;Européen;1328
2998;Local;1329
2999;National;1329
3000;Européen;1329
3001;Mondial;1329
3002;Mondial;1330
3003;Local;1331
3004;National;1331
3005;Européen;1331
3006;Mondial;1331
3007;Local;1332
3008;National;1332
3009;Européen;1332
3010;Local;1333
3011;National;1333
3012;Européen;1333
3013;Mondial;1333
3014;National;1334
3015;Local;1335
3016;Local;1336
3017;National;1337
3018;Européen;1337
3019;Local;1338
3020;National;1338
3021;Local;1339
3022;National;1339
3023;Européen;1339
3024;Local;1340
3025;National;1340
3026;Européen;1340
3027;Mondial;1340
3028;Local;1341
3029;National;1341
3030;Européen;1341
3031;Européen;1342
3032;National;1343
3033;Européen;1343
3034;Local;1344
3035;National;1344
3036;Local;1345
3037;National;1345
3038;Européen;1345
3039;Local;1346
3040;National;1346
3041;Européen;1346
3042;Mondial;1346
3043;Local;1347
3044;Local;1348
3045;Local;1349
3046;National;1349
3047;Européen;1349
3048;Mondial;1349
3049;Local;1350
3050;National;1350
3051;Européen;1350
3052;Européen;1351
3053;Local;1352
3054;National;1352
3055;Local;1353
3056;National;1353
3057;Européen;1353
3058;Local;1354
3059;National;1354
3060;Européen;1354
3061;Local;1355
3062;National;1355
3063;National;1356
3064;Européen;1356
3065;Local;1357
3066;National;1357
3067;Européen;1357
3068;Local;1358
3069;National;1358
3070;Local;1359
3071;National;1359
3072;Européen;1359
3073;Mondial;1359
3074;National;1360
3075;Local;1361
3076;National;1361
3077;Européen;1361
3078;Mondial;1361
3079;Local;1362
3080;National;1363
3081;Européen;1363
3082;National;1364
3083;Européen;1364
3084;Local;1365
3085;National;1365
3086;Local;1366
3087;National;1366
3088;Local;1367
3089;Local;1368
3090;National;1368
3091;Local;1369
3092;National;1369
3093;Européen;1369
3094;Mondial;1369
3095;Local;1370
3096;National;1370
3097;National;1371
3098;Européen;1371
3099;Mondial;1371
3100;Local;1372
3101;National;1372
3102;Local;1373
3103;National;1373
3104;Européen;1373
3105;Mondial;1373
3106;Local;1374
3107;Local;1375
3108;National;1375
3109;Local;1376
3110;National;1376
3111;National;1377
3112;Européen;1377
3113;Mondial;1377
3114;National;1378
3115;Local;1379
3116;Local;1380
3117;National;1380
3118;Européen;1380
3119;Local;1381
3120;National;1381
3121;Européen;1381
3122;Mondial;1381
3123;Local;1382
3124;National;1382
3125;Européen;1382
3126;National;1383
3127;Européen;1383
3128;Mondial;1383
3129;Local;1384
3130;National;1384
3131;Local;1385
3132;National;1385
3133;National;1386
3134;Européen;1386
3135;Mondial;1386
3136;Local;1387
3137;National;1387
3138;Européen;1387
3139;Local;1388
3140;National;1388
3141;Européen;1388
3142;Mondial;1388
3143;National;1389
3144;Local;1390
3145;Local;1391
3146;National;1391
3147;Local;1392
3148;National;1392
3149;National;1393
3150;Européen;1393
3151;National;1394
3152;National;1395
3153;Européen;1395
3154;Mondial;1395
3155;Local;1396
3156;Local;1397
3157;National;1397
3158;Local;1398
3159;National;1398
3160;Européen;1398
3161;Mondial;1398
3162;Local;1399
3163;National;1399
3164;Local;1400
3165;National;1400
3166;Européen;1400
3167;Mondial;1400
3168;Local;1401
3169;National;1402
3170;Local;1403
3171;National;1403
3172;Européen;1403
3173;Local;1404
3174;National;1404
3175;Européen;1404
3176;Mondial;1404
3177;National;1405
3178;Local;1406
3179;National;1406
3180;Européen;1406
3181;Local;1407
3182;National;1407
3183;Européen;1407
3184;Mondial;1407
3185;Mondial;1408
3186;National;1408
3187;Européen;1408
3188;Local;1409
3189;National;1409
3190;Européen;1409
3191;Local;1410
3192;Local;1411
3193;Local;1412
3194;National;1412
3195;Local;1413
3196;National;1414
3197;National;1415
3198;National;1416
3199;National;1417
3200;Européen;1417
3201;National;1418
3202;Européen;1418
3203;Local;1419
3204;National;1420
3205;Européen;1420
3206;Local;1421
3207;Local;1422
3208;National;1422
3209;Européen;1422
3210;National;1423
3211;Européen;1423
3212;Mondial;1423
3213;Local;1424
3214;National;1424
3215;Local;1425
3216;National;1425
3217;National;1426
3218;National;1427
3219;Local;1428
3220;National;1428
3221;Européen;1428
3222;National;1429
3223;National;1430
3224;Local;1431
3225;National;1432
3226;Européen;1432
3227;Local;1433
3228;National;1433
3229;National;1434
3230;Européen;1434
3231;National;1435
3232;Européen;1435
3233;Mondial;1435
3234;Local;1436
3235;National;1436
3236;Européen;1436
3237;Mondial;1436
3238;National;1437
3239;National;1438
3240;Européen;1438
3241;National;1439
3242;Local;1440
3243;National;1440
3244;Européen;1440
3245;Local;1441
3246;National;1441
3247;Local;1442
3248;National;1442
3249;National;1443
3250;National;1444
3251;Européen;1444
3252;Local;1445
3253;National;1445
3254;Européen;1445
3255;Local;1446
3256;Local;1447
3257;National;1447
3258;National;1448
3259;Local;1449
3260;National;1449
3261;Local;1450
3262;National;1450
3263;Européen;1450
3264;Local;1451
3265;Local;1452
3266;National;1452
3267;Européen;1452
3268;Mondial;1452
3269;Local;1453
3270;National;1453
3271;Local;1454
3272;National;1454
3273;Européen;1454
3274;Local;1455
3275;Local;1456
3276;National;1456
3277;Européen;1456
3278;Local;1457
3279;National;1457
3280;Européen;1457
3281;Mondial;1457
3282;Local;1458
3283;National;1458
3284;Européen;1458
3285;Local;1459
3286;National;1459
3287;Européen;1459
3288;National;1460
3289;Européen;1460
3290;Mondial;1460
3291;Local;1461
3292;Local;1462
3293;National;1462
3294;Local;1463
3295;National;1463
3296;Européen;1463
3297;National;1464
3298;Européen;1464
3299;Local;1465
3300;Local;1466
3301;National;1466
3302;Local;1467
3303;National;1467
3304;National;1468
3305;Local;1469
3306;National;1469
3307;Européen;1469
3308;National;1470
3309;Local;1471
3310;National;1471
3311;Local;1472
3312;National;1472
3313;Européen;1472
3314;National;1473
3315;Local;1474
3316;National;1475
3317;Européen;1475
3318;Local;1476
3319;National;1476
3320;Local;1477
3321;National;1477
3322;Local;1478
3323;National;1478
3324;Européen;1478
3325;Mondial;1478
3326;National;1479
3327;National;1480
3328;Local;1481
3329;National;1481
3330;Européen;1481
3331;Local;1482
3332;National;1482
3333;Européen;1482
3334;Local;1483
3335;National;1483
3336;Européen;1483
3337;Mondial;1483
3338;Local;1484
3339;National;1484
3340;National;1485
3341;Local;1486
3342;National;1486
3343;Local;1487
3344;Local;1488
3345;National;1488
3346;Européen;1488
3347;Local;1489
3348;National;1489
3349;Européen;1489
3350;Local;1490
3351;National;1490
3352;Européen;1490
3353;Mondial;1490
3354;National;1491
3355;Européen;1491
3356;National;1492
3357;National;1493
3358;Mondial;1494
3359;Local;1495
3360;National;1496
3361;Local;1497
3362;National;1497
3363;Local;1498
3364;National;1498
3365;Européen;1498
3366;National;1499
3367;Local;1500
3368;National;1501
3369;Européen;1501
3370;Local;1502
3371;National;1502
3372;Européen;1502
3373;Mondial;1502
3374;Local;1503
3375;National;1503
3376;Européen;1503
3377;National;1504
3378;Local;1505
3379;National;1505
3380;National;1506
3381;Local;1507
3382;National;1507
3383;Européen;1507
3384;National;1508
3385;Européen;1508
3386;National;1509
3387;National;1510
3388;Européen;1510
3389;Mondial;1510
3390;Local;1511
3391;National;1511
3392;Européen;1511
3393;Local;1512
3394;National;1512
3395;Européen;1512
3396;National;1513
3397;Européen;1513
3398;Local;1514
3399;National;1514
3400;Européen;1514
3401;Local;1515
3402;National;1515
3403;Européen;1515
3404;Local;1516
3405;National;1516
3406;Local;1517
3407;National;1517
3408;Local;1518
3409;National;1518
3410;Européen;1518
3411;Local;1519
3412;National;1519
3413;National;1520
3414;Local;1521
3415;National;1521
3416;Local;1522
3417;National;1522
3418;National;1523
3419;Européen;1523
3420;Mondial;1523
3421;Local;1524
3422;National;1524
3423;Européen;1524
3424;Local;1525
3425;Européen;1526
3426;National;1527
3427;Européen;1527
3428;Local;1528
3429;National;1528
3430;Local;1529
3431;National;1529
3432;Européen;1529
3433;Local;1530
3434;National;1530
3435;Européen;1530
3436;Mondial;1530
3437;National;1531
3438;Européen;1531
3439;Local;1532
3440;National;1532
3441;Européen;1532
3442;Local;1533
3443;National;1533
3444;Européen;1533
3445;Mondial;1533
3446;National;1534
3447;Européen;1534
3448;Mondial;1534
3449;National;1535
3450;National;1536
3451;Local;1537
3452;National;1537
3453;Local;1538
3454;National;1538
3455;Européen;1538
3456;Mondial;1538
3457;Local;1539
3458;National;1539
3459;Local;1540
3460;National;1540
3461;National;1541
3462;Européen;1541
3463;Local;1542
3464;National;1542
3465;Européen;1542
3466;Mondial;1542
3467;Local;1543
3468;National;1543
3469;Local;1544
3470;National;1544
3471;Local;1545
3472;National;1545
3473;Européen;1545
3474;Local;1546
3475;National;1546
3476;Européen;1546
3477;Mondial;1546
3478;Local;1547
3479;National;1547
3480;Européen;1547
3481;National;1548
3482;National;1549
3483;Mondial;1550
3484;Européen;1550
3485;National;1550
3486;Local;1550
3487;National;1551
3488;National;1552
3489;Européen;1552
3490;National;1553
3491;Local;1554
3492;National;1554
3493;Européen;1554
3494;Mondial;1554
3495;Local;1555
3496;National;1555
3497;Européen;1555
3498;Mondial;1555
3499;Local;1556
3500;National;1556
3501;Européen;1556
3502;Mondial;1556
3503;Local;1557
3504;National;1557
3505;Local;1558
3506;National;1558
3507;Européen;1558
3508;Local;1559
3509;National;1559
3510;Européen;1559
3511;Local;1560
3512;National;1560
3513;Local;1561
3514;National;1561
3515;Local;1562
3516;National;1562
3517;Européen;1562
3518;Local;1563
3519;National;1563
3520;Européen;1563
3521;Mondial;1563
3522;National;1564
3523;Européen;1564
3524;National;1565
3525;National;1566
3526;Européen;1566
3527;Local;1567
3528;National;1568
3529;National;1569
3530;Européen;1569
3531;National;1570
3532;Local;1571
3533;National;1571
3534;Européen;1571
3535;Local;1572
3536;National;1572
3537;Européen;1572
3538;Local;1573
3539;National;1573
3540;National;1574
3541;Européen;1574
3542;Local;1575
3543;National;1576
3544;Européen;1576
3545;National;1577
3546;Européen;1577
3547;National;1578
3548;Européen;1578
3549;Local;1579
3550;National;1579
3551;Européen;1579
3552;Local;1580
3553;National;1581
3554;Local;1582
3555;National;1582
3556;Européen;1582
3557;Mondial;1582
3558;National;1583
3559;National;1584
3560;Européen;1584
3561;Local;1585
3562;Local;1586
3563;Local;1587
3564;National;1587
3565;Européen;1587
3566;Mondial;1587
3567;Local;1588
3568;National;1588
3569;Européen;1588
3570;National;1589
3571;Local;1590
3572;Local;1591
3573;National;1591
3574;Européen;1591
3575;National;1592
3576;Européen;1592
3577;Mondial;1592
3578;Local;1593
3579;National;1593
3580;Européen;1593
3581;National;1594
3582;Local;1595
3583;National;1595
3584;Local;1596
3585;National;1596
3586;Européen;1596
3587;Mondial;1596
3588;National;1597
3589;Européen;1597
3590;Local;1598
3591;National;1598
3592;National;1599
3593;Européen;1599
3594;Local;1600
3595;National;1601
3596;Européen;1601
3597;Local;1602
3598;National;1602
3599;Local;1603
3600;National;1603
3601;Européen;1603
3602;Mondial;1603
3603;Local;1604
3604;National;1604
3605;Européen;1604
3606;Local;1605
3607;National;1605
3608;Européen;1605
3609;National;1606
3610;Européen;1606
3611;Mondial;1606
3612;Local;1607
3613;National;1607
3614;Européen;1607
3615;Local;1608
3616;National;1608
3617;Européen;1608
3618;Local;1609
3619;National;1609
3620;National;1610
3621;Européen;1610
3622;Local;1611
3623;National;1611
3624;Européen;1611
3625;Local;1612
3626;National;1612
3627;Européen;1612
3628;National;1613
3629;Local;1614
3630;National;1614
3631;Européen;1614
3632;Local;1615
3633;National;1615
3634;Européen;1615
3635;Local;1616
3636;National;1616
3637;Européen;1616
3638;Mondial;1616
3639;National;1617
3640;Local;1618
3641;National;1618
3642;National;1619
3643;National;1620
3644;Européen;1620
3645;Local;1621
3646;National;1621
3647;Local;1622
3648;National;1622
3649;Européen;1622
3650;Mondial;1622
3651;Local;1623
3652;Local;1624
3653;National;1624
3654;Européen;1624
3655;National;1625
3656;Local;1626
3657;National;1626
3658;Local;1627
3659;National;1627
3660;Européen;1627
3661;Local;1628
3662;National;1628
3663;Européen;1628
3664;Mondial;1628
3665;Local;1629
3666;National;1629
3667;Européen;1629
3668;Mondial;1629
3669;National;1630
3670;National;1631
3671;Local;1632
3672;National;1632
3673;Local;1633
3674;National;1633
3675;Européen;1633
3676;Local;1634
3677;National;1634
3678;Local;1635
3679;National;1636
3680;Européen;1636
3681;Local;1637
3682;Local;1638
3683;National;1638
3684;Local;1639
3685;National;1639
3686;Européen;1639
3687;National;1640
3688;Européen;1640
3689;Mondial;1640
3690;Local;1641
3691;Local;1642
3692;National;1642
3693;Européen;1642
3694;National;1643
3695;Européen;1643
3696;Local;1644
3697;National;1644
3698;Local;1645
3699;National;1645
3700;Européen;1645
3701;Local;1646
3702;National;1646
3703;Européen;1646
3704;Local;1647
3705;National;1647
3706;Européen;1647
3707;Local;1648
3708;National;1649
3709;Européen;1649
3710;Local;1650
3711;National;1650
3712;Européen;1650
3713;Mondial;1650
3714;Européen;1651
3715;National;1652
3716;Européen;1652
3717;National;1653
3718;Européen;1653
3719;National;1654
3720;Européen;1654
3721;Mondial;1654
3722;Local;1655
3723;National;1655
3724;Européen;1655
3725;Mondial;1655
3726;National;1656
3727;Européen;1656
3728;Local;1657
3729;National;1657
3730;National;1658
3731;Européen;1658
3732;Local;1659
3733;National;1659
3734;Européen;1659
3735;Mondial;1659
3736;National;1660
3737;Européen;1660
3738;Local;1661
3739;National;1661
3740;Européen;1661
3741;Mondial;1661
3742;Local;1662
3743;National;1662
3744;Européen;1662
3745;National;1663
3746;Local;1664
3747;Local;1665
3748;National;1665
3749;Européen;1665
3750;Mondial;1665
3751;Local;1666
3752;National;1666
3753;National;1667
3754;Européen;1667
3755;Mondial;1667
3756;Local;1668
3757;National;1668
3758;National;1669
3759;Européen;1669
3760;Local;1670
3761;National;1670
3762;Européen;1670
3763;Mondial;1670
3764;National;1671
3765;Européen;1671
3766;Mondial;1671
3767;Local;1672
3768;National;1672
3769;Européen;1672
3770;Mondial;1672
3771;National;1673
3772;Local;1674
3773;National;1674
3774;Européen;1674
3775;Mondial;1674
3776;Local;1675
3777;National;1675
3778;Local;1676
3779;National;1676
3780;Européen;1676
3781;Local;1677
3782;Local;1678
3783;National;1679
3784;National;1680
3785;Européen;1680
3786;Mondial;1680
3787;Local;1681
3788;National;1681
3789;Local;1682
3790;National;1682
3791;Local;1683
3792;National;1683
3793;National;1684
3794;Local;1685
3795;National;1685
3796;Européen;1685
3797;Local;1686
3798;National;1686
3799;Européen;1686
3800;Local;1687
3801;National;1687
3802;Européen;1687
3803;Local;1688
3804;Local;1689
3805;National;1690
3806;National;1691
3807;National;1692
3808;Local;1693
3809;Local;1694
3810;National;1694
3811;Local;1695
3812;National;1695
3813;National;1696
3814;National;1697
3815;Européen;1697
3816;Local;1698
3817;National;1698
3818;Européen;1698
3819;Mondial;1698
3820;Local;1699
3821;National;1700
3822;Européen;1700
3823;Local;1701
3824;National;1701
3825;Local;1702
3826;National;1702
3827;Local;1703
3828;National;1703
3829;Européen;1703
3830;Local;1704
3831;National;1704
3832;National;1705
3833;Européen;1705
3834;National;1706
3835;National;1707
3836;Européen;1707
3837;Local;1708
3838;National;1708
3839;Local;1709
3840;National;1709
3841;Européen;1709
3842;Local;1710
3843;National;1710
3844;Européen;1710
3845;Mondial;1710
3846;Local;1711
3847;National;1711
3848;Local;1712
3849;National;1712
3850;Européen;1712
3851;Mondial;1712
3852;Local;1713
3853;National;1713
3854;Européen;1713
3855;Local;1714
3856;National;1714
3857;Européen;1714
3858;Local;1715
3859;National;1715
3860;Européen;1715
3861;National;1716
3862;National;1717
3863;Européen;1717
3864;Mondial;1717
3865;Local;1718
3866;Local;1719
3867;National;1719
3868;Local;1720
3869;National;1720
3870;Européen;1720
3871;Mondial;1720
3872;National;1721
3873;Européen;1721
3874;Local;1722
3875;Local;1723
3876;Local;1724
3877;National;1724
3878;Européen;1724
3879;National;1725
3880;National;1726
3881;National;1727
3882;National;1728
3883;Européen;1728
3884;National;1729
3885;National;1730
3886;Local;1731
3887;National;1731
3888;Local;1732
3889;National;1732
3890;Européen;1732
3891;Local;1733
3892;National;1733
3893;Local;1734
3894;National;1734
3895;Européen;1734
3896;Local;1735
3897;National;1735
3898;Européen;1735
3899;Local;1736
3900;National;1736
3901;Européen;1736
3902;National;1737
3903;Mondial;1737
3904;Local;1738
3905;National;1738
3906;Local;1739
3907;National;1739
3908;Européen;1739
3909;Mondial;1739
3910;National;1740
3911;Local;1741
3912;National;1741
3913;Européen;1741
3914;National;1742
3915;Local;1743
3916;National;1743
3917;Local;1744
3918;National;1744
3919;Européen;1744
3920;Local;1745
3921;National;1745
3922;Local;1746
3923;National;1746
3924;Européen;1746
3925;Local;1747
3926;National;1747
3927;National;1748
3928;National;1749
3929;National;1750
3930;Local;1751
3931;Local;1752
3932;National;1752
3933;Local;1753
3934;National;1753
3935;Local;1754
3936;National;1754
3937;Européen;1754
3938;National;1755
3939;Local;1756
3940;National;1756
3941;Européen;1756
3942;Local;1757
3943;National;1757
3944;Européen;1757
3945;Mondial;1757
3946;National;1758
3947;National;1759
3948;Européen;1759
3949;Local;1760
3950;National;1760
3951;Européen;1760
3952;Mondial;1760
3953;Local;1761
3954;National;1761
3955;Européen;1761
3956;Local;1762
3957;National;1762
3958;Local;1763
3959;National;1763
3960;Local;1764
3961;National;1764
3962;Européen;1764
3963;Mondial;1764
3964;Local;1765
3965;National;1765
3966;Local;1766
3967;National;1766
3968;Européen;1767
3969;Local;1768
3970;National;1768
3971;Européen;1768
3972;Mondial;1768
3973;Local;1769
3974;National;1769
3975;Européen;1769
3976;Mondial;1769
3977;National;1770
3978;Européen;1770
3979;Local;1771
3980;National;1771
3981;Européen;1771
3982;National;1772
3983;Européen;1772
3984;National;1773
3985;National;1774
3986;Européen;1774
3987;Local;1775
3988;National;1775
3989;Européen;1775
3990;Local;1776
3991;National;1776
3992;Local;1777
3993;National;1777
3994;Local;1778
3995;National;1779
3996;Européen;1779
3997;Local;1780
3998;Local;1781
3999;National;1781
4000;Européen;1781
4001;National;1782
4002;Local;1783
4003;Local;1784
4004;National;1784
4005;Européen;1785
4006;Local;1786
4007;National;1786
4008;Européen;1786
4009;Mondial;1786
4010;Local;1787
4011;National;1788
4012;Local;1789
4013;Local;1790
4014;National;1790
4015;Européen;1790
4016;Mondial;1790
4017;Local;1791
4018;National;1791
4019;Européen;1791
4020;Local;1792
4021;National;1792
4022;Européen;1792
4023;Local;1793
4024;National;1793
4025;Local;1794
4026;National;1795
4027;Local;1796
4028;National;1797
4029;Local;1798
4030;National;1798
4031;Européen;1798
4032;Mondial;1798
4033;Local;1799
4034;National;1800
4035;Local;1801
4036;National;1801
4037;Européen;1801
4038;National;1802
4039;Local;1803
4040;National;1803
4041;Européen;1803
4042;National;1804
4043;Européen;1804
4044;Local;1805
4045;Local;1806
4046;Local;1807
4047;National;1807
4048;Européen;1807
4049;National;1808
4050;Européen;1808
4051;Local;1809
4052;National;1809
4053;Européen;1809
4054;Mondial;1809
4055;Local;1810
4056;National;1810
4057;Local;1811
4058;National;1811
4059;Local;1812
4060;National;1812
4061;Européen;1812
4062;Mondial;1812
4063;Local;1813
4064;National;1813
4065;National;1814
4066;Européen;1814
4067;National;1815
4068;National;1816
4069;Européen;1816
4070;Local;1817
4071;Local;1818
4072;National;1818
4073;Européen;1818
4074;Mondial;1818
4075;National;1819
4076;Local;1820
4077;National;1820
4078;National;1821
4079;Local;1822
4080;Local;1823
4081;National;1823
4082;Européen;1823
4083;Mondial;1823
4084;Local;1824
4085;National;1824
4086;National;1825
4087;Européen;1825
4088;Local;1826
4089;National;1826
4090;Européen;1826
4091;Mondial;1826
4092;National;1827
4093;Européen;1827
4094;Local;1828
4095;National;1828
4096;Local;1829
4097;National;1829
4098;Européen;1829
4099;National;1830
4100;Européen;1830
4101;Local;1831
4102;National;1831
4103;Européen;1831
4104;National;1832
4105;Européen;1832
4106;National;1833
4107;Européen;1833
4108;Mondial;1833
4109;Local;1834
4110;National;1834
4111;Local;1835
4112;National;1835
4113;Local;1836
4114;National;1836
4115;Européen;1836
4116;National;1837
4117;Local;1838
4118;Local;1839
4119;National;1839
4120;Européen;1839
4121;Mondial;1839
4122;National;1840
4123;Local;1841
4124;National;1841
4125;Européen;1841
4126;Mondial;1841
4127;Local;1842
4128;Local;1843
4129;National;1843
4130;Européen;1843
4131;Local;1844
4132;Local;1845
4133;National;1845
4134;Local;1846
4135;National;1846
4136;Européen;1846
4137;Mondial;1846
4138;Local;1847
4139;National;1847
4140;Local;1848
4141;National;1848
4142;National;1849
4143;National;1850
4144;National;1851
4145;Européen;1851
4146;National;1852
4147;Local;1853
4148;National;1853
4149;National;1854
4150;Européen;1854
4151;Local;1855
4152;National;1855
4153;Européen;1855
4154;Mondial;1855
4155;Local;1856
4156;National;1856
4157;National;1857
4158;Local;1858
4159;National;1858
4160;Européen;1858
4161;Mondial;1858
4162;National;1859
4163;Européen;1859
4164;Mondial;1859
4165;Local;1860
4166;National;1861
4167;National;1862
4168;National;1863
4169;Européen;1863
4170;Mondial;1863
4171;Local;1864
4172;National;1864
4173;Local;1865
4174;National;1865
4175;Local;1866
4176;National;1866
4177;Local;1867
4178;National;1867
4179;Européen;1867
4180;Local;1868
4181;National;1868
4182;Européen;1868
4183;Mondial;1868
4184;Local;1869
4185;National;1869
4186;Européen;1869
4187;Local;1870
4188;Local;1871
4189;National;1871
4190;Européen;1871
4191;National;1872
4192;Européen;1872
4193;Local;1873
4194;National;1873
4195;Européen;1873
4196;Mondial;1873
4197;Local;1874
4198;National;1874
4199;National;1875
4200;Local;1876
4201;National;1876
4202;Local;1877
4203;National;1877
4204;Européen;1877
4205;Local;1878
4206;National;1878
4207;Européen;1878
4208;Local;1879
4209;National;1879
4210;Local;1880
4211;Local;1881
4212;National;1881
4213;Européen;1881
4214;National;1882
4215;Européen;1882
4216;National;1883
4217;Local;1884
4218;National;1884
4219;Européen;1884
4220;Mondial;1884
4221;Local;1885
4222;Local;1886
4223;National;1886
4224;Européen;1886
4225;Local;1887
4226;National;1887
4227;Européen;1887
4228;Local;1888
4229;National;1888
4230;National;1889
4231;Local;1890
4232;National;1890
4233;Européen;1890
4234;Local;1891
4235;National;1891
4236;Mondial;1891
4237;Local;1892
4238;National;1892
4239;Local;1893
4240;National;1893
4241;Européen;1893
4242;Local;1894
4243;National;1894
4244;Européen;1894
4245;Mondial;1894
4246;Local;1895
4247;National;1895
4248;Local;1896
4249;National;1896
4250;Européen;1896
4251;Mondial;1896
4252;Local;1897
4253;National;1897
4254;Européen;1897
4255;Mondial;1897
4256;Local;1898
4257;National;1898
4258;National;1899
4259;Européen;1899
4260;Local;1900
4261;National;1900
4262;National;1901
4263;Européen;1901
4264;Mondial;1901
4265;Mondial;1902
4266;National;1903
4267;Local;1904
4268;National;1904
4269;National;1905
4270;Européen;1905
4271;National;1906
4272;Européen;1906
4273;Mondial;1906
4274;Local;1907
4275;National;1908
4276;Européen;1908
4277;National;1909
4278;Européen;1909
4279;Mondial;1909
4280;Local;1910
4281;National;1910
4282;Européen;1910
4283;Mondial;1910
4284;National;1911
4285;Local;1912
4286;National;1912
4287;National;1913
4288;Européen;1913
4289;Local;1914
4290;National;1914
4291;Local;1915
4292;National;1915
4293;Européen;1915
4294;Mondial;1915
4295;Local;1916
4296;National;1916
4297;Européen;1916
4298;Local;1917
4299;Local;1918
4300;National;1918
4301;Européen;1918
4302;Local;1919
4303;National;1919
4304;Européen;1919
4305;Mondial;1919
4306;National;1920
4307;Européen;1920
4308;Local;1921
4309;National;1921
4310;Européen;1921
4311;National;1922
4312;Européen;1922
4313;National;1923
4314;Européen;1923
4315;Mondial;1923
4316;Local;1924
4317;National;1924
4318;Européen;1924
4319;Local;1925
4320;National;1925
4321;Européen;1925
4322;Mondial;1925
4323;National;1926
4324;Local;1927
4325;National;1927
4326;Européen;1927
4327;Local;1928
4328;National;1928
4329;National;1929
4330;Européen;1929
4331;Mondial;1929
4332;National;1930
4333;Européen;1930
4334;Mondial;1930
4335;Local;1931
4336;Local;1932
4337;National;1932
4338;Européen;1932
4339;Local;1933
4340;National;1933
4341;National;1934
4342;Local;1935
4343;National;1935
4344;Local;1936
4345;Local;1937
4346;National;1937
4347;Local;1938
4348;National;1938
4349;Européen;1938
4350;Local;1939
4351;National;1939
4352;Européen;1939
4353;Mondial;1939
4354;Local;1940
4355;National;1940
4356;National;1941
4357;Local;1942
4358;National;1942
4359;Européen;1942
4360;Local;1943
4361;National;1943
4362;Local;1944
4363;National;1944
4364;Européen;1944
4365;Local;1945
4366;National;1945
4367;Européen;1945
4368;Local;1946
4369;National;1947
4370;Européen;1947
4371;Mondial;1947
4372;Local;1948
4373;National;1948
4374;Local;1949
4375;National;1949
4376;Local;1950
4377;National;1950
4378;Européen;1950
4379;Mondial;1950
4380;National;1951
4381;Européen;1951
4382;Local;1952
4383;National;1952
4384;Européen;1952
4385;Mondial;1952
4386;National;1953
4387;Européen;1953
